<?xml version="1.0" encoding="UTF-8"?>
<!DOCTYPE mapper PUBLIC "-//mybatis.org//DTD Mapper 3.0//EN" "http://mybatis.org/dtd/mybatis-3-mapper.dtd">
<mapper namespace="com.ssafy.happyhouse.mapper.HouseMemberMapper">

	<select id="check" resultType="Integer" parameterType="com.ssafy.happyhouse.model.dto.HouseMemberDto">
		select EXISTS (select * from HouseMember where userid = #{userid} and userpwd = #{userpwd})
	</select>
	
	<select id="checkId" resultType="Integer" parameterType="com.ssafy.happyhouse.model.dto.HouseMemberDto">
		select EXISTS (select * from HouseMember where userid = #{userid} and userpwd = #{userpwd})
	</select>
	
   <select id="detail" parameterType="string" resultType="com.ssafy.happyhouse.model.dto.HouseMemberDto">
       select *
       from HouseMember
       where userid=#{userid}
   </select>
	
	<insert id="add" parameterType="com.ssafy.happyhouse.model.dto.HouseMemberDto">
		insert into 
		HouseMember (userno, userid, username, userpwd, telephone, email, address) 
        values (#{userno}, #{userid}, #{username}, #{userpwd}, #{telephone}, #{email}, #{address}) 
	</insert>
	
	 <update id="update" parameterType="com.ssafy.happyhouse.model.dto.HouseMemberDto">
       update HouseMember
       set username=#{username}, userpwd=#{userpwd}, telephone=#{telephone}, email=#{email}, address=#{address}
       where userid=#{userid}
   </update>
   
   <delete id="remove" parameterType="string">
       delete from HouseMember 
       where userid=#{userid}
       <!-- <foreach collection="list" item='num'
       		open='(' close=')' separator="," >
       	#{num}
       </foreach> -->
   </delete>
   
   <select id="search" parameterType="string" resultType="com.ssafy.happyhouse.model.dto.HouseMemberDto">
       select *
       from HouseMember
       where userid=#{userid}
   </select>
   
   <select id="searchAll" resultType="com.ssafy.happyhouse.model.dto.HouseMemberDto"> 
 	   select *
       from HouseMember
   </select>
   
   <select id="searchId" parameterType="com.ssafy.happyhouse.model.dto.HouseMemberDto" resultType="com.ssafy.happyhouse.model.dto.HouseMemberDto">
       select *
       from HouseMember
       where username=#{username} and telephone=#{telephone}
   </select>
   
   <select id="searchPwd" parameterType="com.ssafy.happyhouse.model.dto.HouseMemberDto" resultType="com.ssafy.happyhouse.model.dto.HouseMemberDto">
       select *
       from HouseMember
       where userid=#{userid} and email=#{email}
   </select>
   
   
</mapper>