<?xml version="1.0" encoding="UTF-8"?>
<!-- mappers/person.xml -->
<!DOCTYPE mapper
    PUBLIC "-//mybatis.org//DTD Mapper 3.0//EN"
    "http://mybatis.org/dtd/mybatis-3-mapper.dtd">
<mapper namespace="product"> <!-- mybatis는 namespace필수!! -->
   
   <!-- no,name,age,job
              번호, 이름, 나이, 직업 -->
   
   <!-- 사람 입력 -->
   <insert id="insert" >
       insert into Product (id,name,price,description) 
       values (#{id},#{name},#{price},#{description}) 
   </insert>
   
   <!-- 전체 사람 조회 -->
   <select id="selectAll" resultType="Product"> 
   <!-- parameterType속성 생략, resultType속성 필수!! -->
       select id,name,price,description
       from Product
       order by id desc 
   </select>
   
   
   
   <!-- (수정폼에 출력할) 사람 조회 -->
   <select id="select" resultType="Product">
       select id,name,price,description
       from Product
       where id=#{id}
   </select>
   
   <!-- (수정폼에 입력된) 사람 수정 -->
   <update id="update">
       update Product
       set name=#{name}, price=#{price}, description=#{description}
       where id=#{id}
   </update>
   
   <!-- (번호로 구분하는 )사람 삭제 -->
   <delete id="delete">
       delete from Product
       where id=#{id}
   </delete>
   
</mapper>    
    
    
    
    
    
    