<?xml version="1.0" encoding="UTF-8" ?>

<!DOCTYPE mapper PUBLIC "-//mybatis.org//DTD Mapper 3.0//EN" 
	"http://mybatis.org/dtd/mybatis-3-mapper.dtd"> 
<mapper namespace="com.ssafy.product.dao.ProductDao">
	<select id="searchAll"		resultType="Product">
		select * from Product
	</select>
	<select id="search"			parameterType="string"  	resultType="Product">
		select * from Product where id = #{id}
	</select>
	<insert id="insert"			parameterType="Product">
		insert into Product (	id
						  , name
						  , price
						  , description ) 
		values (#{id}
			  , #{name}
			  , #{price}
			  , #{description})
	</insert>
	<update id="update"			parameterType="Product">
		update Product set    name = #{name}
						  , price= #{price}
						  ,	description= #{description}
		where 	id= #{id}
	</update>
	<delete id="delete"			parameterType="string">
		delete from Product where id= #{id}
	</delete>
</mapper>
