<?xml version="1.0" encoding="UTF-8" ?>

<!DOCTYPE mapper PUBLIC "-//mybatis.org//DTD Mapper 3.0//EN" 
	"http://mybatis.org/dtd/mybatis-3-mapper.dtd"> 
<mapper namespace="book">
	<select id="searchAll"		resultType="book">
		select * from book
	</select>
	<select id="search"			parameterType="string"  	resultType="book">
		select * from book where isbn = #{isbn}
	</select>
	<insert id="insert"			parameterType="book">
		insert into book (	isbn
						  , title
						  , catalogue
						  , author
						  , publisher
						  ,	description ) 
		values (#{isbn}
			  , #{title}
			  , #{catalogue}
			  , #{author}
			  , #{publisher}
			  ,	#{description})
	</insert>
	<update id="update"			parameterType="book">
		update book set    title = #{title}
						  , author= #{author}
						  , publisher= #{publisher}
						  ,	description= #{description}
		where 	isbn= #{isbn}
	</update>
	<delete id="delete"			parameterType="string">
		delete from book where isbn= #{isbn}
	</delete>
</mapper>






