<?xml version="1.0" encoding="UTF-8"?>
<!-- mappers/person.xml -->
<!DOCTYPE mapper
    PUBLIC "-//mybatis.org//DTD Mapper 3.0//EN"
    "http://mybatis.org/dtd/mybatis-3-mapper.dtd">
<mapper namespace="com.ssafy.happyhouse.model.dao.HouseInfoDao"> <!-- mybatis는 namespace필수!! -->
	<select id="searchAll" resultType="houseinfo">
		select * from houseinfo
	</select>
	
	<select id="searchAllBean" parameterType="bean" resultType="houseinfo">
		<choose>
			<when test="key.equals('dong')">
				select * from houseinfo where dong like CONCAT('%', #{word}, '%')
			</when>
			<when test="key.equals('AptName')">
				select * from houseinfo where AptName like CONCAT('%', #{word}, '%')
			</when>
			<otherwise>
				select * from houseinfo where dong like CONCAT('%', #{word},
				'%') or AptName like CONCAT('%', #{word}, '%')
			</otherwise>
		</choose>
	</select>
	
	<select id="searchDong" parameterType="String" resultType="houseinfo">
		select * from houseinfo where dong = #{dong}
	</select>
	
	<select id="searchAptName" parameterType="String" resultType="houseinfo">
		select * from houseinfo where AptName = #{AptName}
	</select>
	
</mapper>    
    
    
    
    
    
    